mirai_addopaque,addopaque,3
mirai_virtualize,virtualize,3
mirai_flatten,flatten,3
upx-mirai,upx,3
mirai-bcf,bcf,3
mirai-cfflatten,cfflatten,3
mirai-sub,sub,3
upx-gonnacry,upx,3
aes-upx-gonacry,upx,3
gonnacry_Virtualize2,virtualize,3
gonnacry_flatten,flatten,3
gonnacry_bcf,bcf,3
gonnacry_sub,sub,3
gonnacry_cfflatten,cfflatten,3
gonnacry_addopaque,addopaque,3
bashlite_bcf,bcf,3
bashlite_flatten,flatten,3
bashlite_upx,upx,3
bashlite_addopaque,addopaque,3
bashlite_cfflatten,cfflatten,3
bashlite_sub,sub,3
bashlite_virtualize,virtualize,3
